{
  "integrations": [
    {
      "id": "1cc5b714-b615-41c8-a495-a254c793c5e4",
      "name": "COVID-19 - Crisis Team Notification - Acknowledge",
      "action": "RUN_SCRIPT",
      "type": "OUTBOUND_WEBHOOK",
      "triggeredBy": "RESPONSE",
      "responseChoice": "Acknowledge",
      "deployed": true,
      "form": "13d2f4c8-1cad-4413-a4fa-28046403f654",
      "environment": "HOSTED",
      "authType": "NONE",
      "createdBy": "FLOW"
    },
    {
      "id": "0b5f752b-f2e4-4993-ab8b-465bc6e3609e",
      "name": "COVID-19 - Crisis Team Notification - Launch  Bridge",
      "action": "RUN_SCRIPT",
      "type": "OUTBOUND_WEBHOOK",
      "triggeredBy": "RESPONSE",
      "responseChoice": "Launch Bridge",
      "deployed": true,
      "form": "13d2f4c8-1cad-4413-a4fa-28046403f654",
      "environment": "HOSTED",
      "authType": "NONE",
      "createdBy": "FLOW"
    },
    {
      "id": "c2eb3a6e-02e5-407a-83df-ac82d0687e5f",
      "name": "COVID-19 - Employee Update & Check - Event Comments",
      "action": "RUN_SCRIPT",
      "type": "OUTBOUND_WEBHOOK",
      "triggeredBy": "ANNOTATION",
      "deployed": true,
      "form": "807261ba-cf6d-489b-b973-a10f27f3afa3",
      "environment": "HOSTED",
      "authType": "NONE",
      "createdBy": "FLOW"
    },
    {
      "id": "55786709-e9ac-4556-93b0-3bdd06e50ba3",
      "name": "COVID-19 - Employee Update & Check - I am self isolating",
      "action": "RUN_SCRIPT",
      "type": "OUTBOUND_WEBHOOK",
      "triggeredBy": "RESPONSE",
      "responseChoice": "I am OK",
      "deployed": true,
      "form": "807261ba-cf6d-489b-b973-a10f27f3afa3",
      "environment": "HOSTED",
      "authType": "NONE",
      "createdBy": "FLOW"
    },
    {
      "id": "a92388b2-a195-4581-9322-973452684e7c",
      "name": "COVID-19 - Employee Update & Check - I need help",
      "action": "RUN_SCRIPT",
      "type": "OUTBOUND_WEBHOOK",
      "triggeredBy": "RESPONSE",
      "responseChoice": "I need help",
      "deployed": true,
      "form": "807261ba-cf6d-489b-b973-a10f27f3afa3",
      "environment": "HOSTED",
      "authType": "NONE",
      "createdBy": "FLOW"
    },
    {
      "id": "2bdda398-3ade-4eb3-afa7-564e008ceb47",
      "name": "COVID-19 - Situation Report - Acknowledge",
      "action": "RUN_SCRIPT",
      "type": "OUTBOUND_WEBHOOK",
      "triggeredBy": "RESPONSE",
      "responseChoice": "Acknowledge",
      "deployed": true,
      "form": "18f9bde5-ffe6-4b44-bf84-81ea9f449df9",
      "environment": "HOSTED",
      "authType": "NONE",
      "createdBy": "FLOW"
    },
    {
      "id": "a65c8827-6a85-456a-8ec1-7a82ce356c1c",
      "name": "COVID-19 -  Situation Report - Event Comments",
      "action": "RUN_SCRIPT",
      "type": "OUTBOUND_WEBHOOK",
      "triggeredBy": "ANNOTATION",
      "deployed": true,
      "form": "18f9bde5-ffe6-4b44-bf84-81ea9f449df9",
      "environment": "HOSTED",
      "authType": "NONE",
      "createdBy": "FLOW"
    },
    {
      "id": "ea398964-5a42-40b1-b9e3-787bdd2d9957",
      "name": "COVID-19 - Situation Report - I am impacted by this",
      "action": "RUN_SCRIPT",
      "type": "OUTBOUND_WEBHOOK",
      "triggeredBy": "RESPONSE",
      "responseChoice": "I am impacted by this",
      "deployed": true,
      "form": "18f9bde5-ffe6-4b44-bf84-81ea9f449df9",
      "environment": "HOSTED",
      "authType": "NONE",
      "createdBy": "FLOW"
    }
  ],
  "endpoints": [],
  "constants": [
    {
      "name": "Target Group Name",
      "value": "Crisis Management",
      "description": "Put your target group name in the Value field"
    }
  ]
}