{
  "integrations": [
    {
      "id": "9e01eed8-fcd3-4db0-ac05-01815b4da9ec",
      "name": "COVID-19 - Crisis Team Notification - Acknowledge",
      "action": "RUN_SCRIPT",
      "type": "OUTBOUND_WEBHOOK",
      "triggeredBy": "RESPONSE",
      "responseChoice": "Acknowledge",
      "deployed": true,
      "form": "cb0a6b00-f4a3-4c9a-bf7a-081b39a88ac3",
      "environment": "HOSTED",
      "authType": "NONE",
      "createdBy": "FLOW"
    },
    {
      "id": "5d075be4-93f1-47e0-9f61-57df5b445ec9",
      "name": "COVID-19 - Crisis Team Notification - Launch  Bridge",
      "action": "RUN_SCRIPT",
      "type": "OUTBOUND_WEBHOOK",
      "triggeredBy": "RESPONSE",
      "responseChoice": "Launch Bridge",
      "deployed": true,
      "form": "cb0a6b00-f4a3-4c9a-bf7a-081b39a88ac3",
      "environment": "HOSTED",
      "authType": "NONE",
      "createdBy": "FLOW"
    },
    {
      "id": "d356e4c9-fcd3-47f5-ade7-f99583deefd4",
      "name": "COVID-19 - Employee Update & Check - Event Comments",
      "action": "RUN_SCRIPT",
      "type": "OUTBOUND_WEBHOOK",
      "triggeredBy": "ANNOTATION",
      "deployed": true,
      "form": "5935ce80-3546-4b53-9efd-9ed7f40e336d",
      "environment": "HOSTED",
      "authType": "NONE",
      "createdBy": "FLOW"
    },
    {
      "id": "e3b28e89-23a5-4a65-be63-f6639a896daa",
      "name": "COVID-19 - Employee Update & Check - I am self isolating",
      "action": "RUN_SCRIPT",
      "type": "OUTBOUND_WEBHOOK",
      "triggeredBy": "RESPONSE",
      "responseChoice": "I am self isolating",
      "deployed": true,
      "form": "5935ce80-3546-4b53-9efd-9ed7f40e336d",
      "environment": "HOSTED",
      "authType": "NONE",
      "createdBy": "FLOW"
    },
    {
      "id": "2d80cb86-d07d-4817-9ffa-1b084cf0430b",
      "name": "COVID-19 - Employee Update & Check - I am unaffected",
      "action": "RUN_SCRIPT",
      "type": "OUTBOUND_WEBHOOK",
      "triggeredBy": "RESPONSE",
      "responseChoice": "I am unaffected",
      "deployed": true,
      "form": "5935ce80-3546-4b53-9efd-9ed7f40e336d",
      "environment": "HOSTED",
      "authType": "NONE",
      "createdBy": "FLOW"
    },
    {
      "id": "8710d2ca-ca23-449d-baaf-142520d22ae7",
      "name": "COVID-19 - Employee Update & Check - I feel unwell",
      "action": "RUN_SCRIPT",
      "type": "OUTBOUND_WEBHOOK",
      "triggeredBy": "RESPONSE",
      "responseChoice": "I feel unwell",
      "deployed": true,
      "form": "5935ce80-3546-4b53-9efd-9ed7f40e336d",
      "environment": "HOSTED",
      "authType": "NONE",
      "createdBy": "FLOW"
    },
    {
      "id": "fc70ed71-3082-4d44-9122-74866069c83d",
      "name": "COVID-19 - Employee Update & Check - I have COVID19",
      "action": "RUN_SCRIPT",
      "type": "OUTBOUND_WEBHOOK",
      "triggeredBy": "RESPONSE",
      "responseChoice": "I have COVID-19",
      "deployed": true,
      "form": "5935ce80-3546-4b53-9efd-9ed7f40e336d",
      "environment": "HOSTED",
      "authType": "NONE",
      "createdBy": "FLOW"
    },
    {
      "id": "12caa38f-52f6-4010-aeec-225419321cbd",
      "name": "COVID-19 - Employee Update & Check - I need help",
      "action": "RUN_SCRIPT",
      "type": "OUTBOUND_WEBHOOK",
      "triggeredBy": "RESPONSE",
      "responseChoice": "I need help",
      "deployed": true,
      "form": "5935ce80-3546-4b53-9efd-9ed7f40e336d",
      "environment": "HOSTED",
      "authType": "NONE",
      "createdBy": "FLOW"
    },
    {
      "id": "2059d83b-c0cc-4ba1-99a4-b64e4430071d",
      "name": "COVID-19 - Situation Report - Acknowledge",
      "action": "RUN_SCRIPT",
      "type": "OUTBOUND_WEBHOOK",
      "triggeredBy": "RESPONSE",
      "responseChoice": "Acknowledge",
      "deployed": true,
      "form": "32e77a68-f6fd-4068-8ba1-316f8c1ad587",
      "environment": "HOSTED",
      "authType": "NONE",
      "createdBy": "FLOW"
    },
    {
      "id": "8556a6b2-fc13-45a8-bad8-349bf7332506",
      "name": "COVID-19 -  Situation Report - Event Comments",
      "action": "RUN_SCRIPT",
      "type": "OUTBOUND_WEBHOOK",
      "triggeredBy": "ANNOTATION",
      "deployed": true,
      "form": "32e77a68-f6fd-4068-8ba1-316f8c1ad587",
      "environment": "HOSTED",
      "authType": "NONE",
      "createdBy": "FLOW"
    },
    {
      "id": "827073a5-aea9-4cb8-88fb-2bb44e4f490e",
      "name": "COVID-19 - Situation Report - I am impacted by this",
      "action": "RUN_SCRIPT",
      "type": "OUTBOUND_WEBHOOK",
      "triggeredBy": "RESPONSE",
      "responseChoice": "I am impacted by this",
      "deployed": true,
      "form": "32e77a68-f6fd-4068-8ba1-316f8c1ad587",
      "environment": "HOSTED",
      "authType": "NONE",
      "createdBy": "FLOW"
    }
  ],
  "endpoints": [],
  "constants": [
    {
      "name": "Target Group Name",
      "value": "Crisis Management",
      "description": "Put your target group name in the Value field"
    }
  ]
}