{
  "name": "COVID-19 - Crisis Team Notification",
  "form": "13d2f4c8-1cad-4413-a4fa-28046403f654",
  "blocks": [
    {
      "id": "3c4f9eb7-94f6-47b2-ae23-057e7e0e2234",
      "label": "Acknowledge",
      "environment": "HOSTED",
      "presentation": "{}",
      "step": "1cc5b714-b615-41c8-a495-a254c793c5e4",
      "stepType": "INTEGRATION"
    },
    {
      "id": "d321fb15-9866-4e5c-baf2-9e55cf7ab6cb",
      "label": "Launch  Bridge",
      "environment": "HOSTED",
      "presentation": "{}",
      "step": "0b5f752b-f2e4-4993-ab8b-465bc6e3609e",
      "stepType": "INTEGRATION"
    },
    {
      "id": "47561448-03a1-49f8-aaa5-347c4e28ae4d",
      "label": "Responses",
      "environment": "HOSTED",
      "presentation": "{\"w\":100,\"x\":-523,\"h\":50,\"y\":-345}",
      "stepType": "RESPONSES"
    },
    {
      "id": "a8951363-e4ab-49c6-8eec-ca85c7724ab2",
      "label": "xMatters Create Event - COVID-19 - Conference Bridge (Manual & Automated)",
      "environment": "HOSTED",
      "presentation": "{\"w\":60,\"x\":-324,\"h\":60,\"y\":-29}",
      "step": "4054a4f9-2651-4ed4-9e8b-d78dc13df8d4",
      "stepType": "CREATE_EVENT",
      "inputMappings": [
        {
          "inputPort": "input",
          "mapping": "${constants.Target Group Name}",
          "sectionItemKey": "recipients"
        },
        {
          "inputPort": "input",
          "mapping": "Crisis Management Team Activation",
          "sectionItemKey": "c369bddb-3fc6-4099-b1f3-4b62cf6cd1ea"
        }
      ]
    }
  ],
  "edges": [
    {
      "fromBlock": "d321fb15-9866-4e5c-baf2-9e55cf7ab6cb",
      "fromPort": "output",
      "toBlock": "a8951363-e4ab-49c6-8eec-ca85c7724ab2",
      "toPort": "input"
    }
  ]
}