{
  "name": "COVID-19 -  Situation Report",
  "form": "18f9bde5-ffe6-4b44-bf84-81ea9f449df9",
  "blocks": [
    {
      "id": "3b93fb97-c606-4201-a3d4-326c12add9c3",
      "label": "Acknowledge",
      "environment": "HOSTED",
      "presentation": "{}",
      "step": "2bdda398-3ade-4eb3-afa7-564e008ceb47",
      "stepType": "INTEGRATION"
    },
    {
      "id": "29c948b2-7283-4053-9144-d72e8d1613db",
      "label": "COVID-19 -  Situation Report - Event Comments",
      "environment": "HOSTED",
      "presentation": "{\"w\":60,\"x\":166,\"h\":60,\"y\":543}",
      "step": "a65c8827-6a85-456a-8ec1-7a82ce356c1c",
      "stepType": "INTEGRATION"
    },
    {
      "id": "af12c96c-9b2a-43d9-b443-cca9bc15a20c",
      "label": "I am impacted by this",
      "environment": "HOSTED",
      "presentation": "{}",
      "step": "ea398964-5a42-40b1-b9e3-787bdd2d9957",
      "stepType": "INTEGRATION"
    },
    {
      "id": "615a0b0e-9bff-475f-b5f6-d361b135c201",
      "label": "Responses",
      "environment": "HOSTED",
      "presentation": "{\"w\":100,\"x\":166,\"h\":50,\"y\":20}",
      "stepType": "RESPONSES"
    },
    {
      "id": "8082ebd3-648b-4596-8635-89163fd3d652",
      "label": "xMatters Create Event - COVID-19 Crisis Management Team Update from recipient",
      "environment": "HOSTED",
      "presentation": "{\"w\":60,\"x\":473,\"h\":60,\"y\":543}",
      "step": "cb2199d1-07af-41a2-86a8-734c345b4ca9",
      "stepType": "CREATE_EVENT",
      "inputMappings": [
        {
          "inputPort": "input",
          "mapping": "The following message has been received from: ${triggerOutputANNOTATION.annotation.author.firstName}  ${triggerOutputANNOTATION.annotation.author.lastName} (${triggerOutputANNOTATION.annotation.author.targetName}).  Message: \"${triggerOutputANNOTATION.annotation.comment}\".  Event (${event.eventId})",
          "sectionItemKey": "46e08e09-3be4-4d8a-b261-ec967e91d33c"
        },
        {
          "inputPort": "input",
          "mapping": "${constants.Target Group Name}",
          "sectionItemKey": "recipients"
        }
      ]
    },
    {
      "id": "d10d3b0d-f000-44d6-864d-f36684bf10ee",
      "label": "xMatters Create Event - COVID-19 Crisis Management Team Update from recipient",
      "environment": "HOSTED",
      "presentation": "{\"w\":60,\"x\":468,\"h\":60,\"y\":332}",
      "step": "cb2199d1-07af-41a2-86a8-734c345b4ca9",
      "stepType": "CREATE_EVENT",
      "inputMappings": [
        {
          "inputPort": "input",
          "mapping": "${constants.Target Group Name}",
          "sectionItemKey": "recipients"
        },
        {
          "inputPort": "input",
          "mapping": "Employee Response Message: The following person have said they are impacted by this situation: ${triggerOutputRESPONSE.respondedTo.by.firstName}  ${triggerOutputRESPONSE.respondedTo.by.lastName} (${triggerOutputRESPONSE.respondedTo.by.targetName}), Please contact this person asap.  Event (${event.eventId})",
          "sectionItemKey": "46e08e09-3be4-4d8a-b261-ec967e91d33c"
        }
      ]
    }
  ],
  "edges": [
    {
      "fromBlock": "af12c96c-9b2a-43d9-b443-cca9bc15a20c",
      "fromPort": "output",
      "toBlock": "d10d3b0d-f000-44d6-864d-f36684bf10ee",
      "toPort": "input"
    },
    {
      "fromBlock": "29c948b2-7283-4053-9144-d72e8d1613db",
      "fromPort": "output",
      "toBlock": "8082ebd3-648b-4596-8635-89163fd3d652",
      "toPort": "input"
    }
  ]
}