{
  "name": "COVID-19 - Employee Update & Check",
  "form": "807261ba-cf6d-489b-b973-a10f27f3afa3",
  "blocks": [
    {
      "id": "7eaeae38-d8f4-40b7-8b3f-88e8024697b7",
      "label": "COVID-19 - Employee Update & Check - Event Comments",
      "environment": "HOSTED",
      "presentation": "{\"w\":60,\"x\":-513,\"h\":60,\"y\":-715}",
      "step": "c2eb3a6e-02e5-407a-83df-ac82d0687e5f",
      "stepType": "INTEGRATION"
    },
    {
      "id": "fbd3b3bd-95e3-47d6-8ddc-6e6295b8fa38",
      "label": "I am self isolating",
      "environment": "HOSTED",
      "presentation": "{}",
      "step": "55786709-e9ac-4556-93b0-3bdd06e50ba3",
      "stepType": "INTEGRATION"
    },
    {
      "id": "38b67a6d-e875-413d-8392-403060717200",
      "label": "I need help",
      "environment": "HOSTED",
      "presentation": "{}",
      "step": "a92388b2-a195-4581-9322-973452684e7c",
      "stepType": "INTEGRATION"
    },
    {
      "id": "40f84c83-beb6-4566-850e-21791364c24d",
      "label": "Responses",
      "environment": "HOSTED",
      "presentation": "{\"w\":100,\"x\":-807,\"h\":50,\"y\":-712}",
      "stepType": "RESPONSES"
    },
    {
      "id": "e6cede7e-02bf-446d-9118-22894443200d",
      "label": "xMatters Create Event - COVID-19 - Help is on the way (automated)",
      "environment": "HOSTED",
      "presentation": "{\"w\":60,\"x\":-392,\"h\":60,\"y\":-399}",
      "step": "3fc9c35d-cfbf-40c2-903e-422900e807c0",
      "stepType": "CREATE_EVENT",
      "inputMappings": [
        {
          "inputPort": "input",
          "mapping": "We have heard you and will have help with you as soon as possible.",
          "sectionItemKey": "46e08e09-3be4-4d8a-b261-ec967e91d33c"
        },
        {
          "inputPort": "input",
          "mapping": "${triggerOutputRESPONSE.respondedTo.by.targetName}",
          "sectionItemKey": "recipients"
        }
      ]
    },
    {
      "id": "a2d8f9ae-1052-4fb4-940e-3cbe2f78f86f",
      "label": "xMatters Create Event - COVID-19 Crisis Management Team Update from recipient",
      "environment": "HOSTED",
      "presentation": "{\"w\":60,\"x\":-567,\"h\":60,\"y\":-400}",
      "step": "cb2199d1-07af-41a2-86a8-734c345b4ca9",
      "stepType": "CREATE_EVENT",
      "inputMappings": [
        {
          "inputPort": "input",
          "mapping": "The following person has responded saying they require help: ${triggerOutputRESPONSE.respondedTo.by.firstName}  ${triggerOutputRESPONSE.respondedTo.by.lastName} (${triggerOutputRESPONSE.respondedTo.by.targetName}), Please contact this person asap.  Event (${event.eventId})",
          "sectionItemKey": "46e08e09-3be4-4d8a-b261-ec967e91d33c"
        },
        {
          "inputPort": "input",
          "mapping": "${constants.Target Group Name}",
          "sectionItemKey": "recipients"
        }
      ]
    },
    {
      "id": "bb286f4d-3357-4919-8d49-986a841b310c",
      "label": "xMatters Create Event - COVID-19 Crisis Management Team Update from recipient",
      "environment": "HOSTED",
      "presentation": "{\"w\":60,\"x\":-347,\"h\":60,\"y\":-715}",
      "step": "cb2199d1-07af-41a2-86a8-734c345b4ca9",
      "stepType": "CREATE_EVENT",
      "inputMappings": [
        {
          "inputPort": "input",
          "mapping": "The following employee ${triggerOutputANNOTATION.annotation.author.firstName}  ${triggerOutputANNOTATION.annotation.author.lastName} (${triggerOutputANNOTATION.annotation.author.targetName}), has supplied a comment, please contact them asap.  Comment: \"${triggerOutputANNOTATION.annotation.comment}\" on Event (${event.eventId})",
          "sectionItemKey": "46e08e09-3be4-4d8a-b261-ec967e91d33c"
        },
        {
          "inputPort": "input",
          "mapping": "${constants.Target Group Name}",
          "sectionItemKey": "recipients"
        }
      ]
    }
  ],
  "edges": [
    {
      "fromBlock": "a2d8f9ae-1052-4fb4-940e-3cbe2f78f86f",
      "fromPort": "output",
      "toBlock": "e6cede7e-02bf-446d-9118-22894443200d",
      "toPort": "input"
    },
    {
      "fromBlock": "38b67a6d-e875-413d-8392-403060717200",
      "fromPort": "output",
      "toBlock": "a2d8f9ae-1052-4fb4-940e-3cbe2f78f86f",
      "toPort": "input"
    },
    {
      "fromBlock": "7eaeae38-d8f4-40b7-8b3f-88e8024697b7",
      "fromPort": "output",
      "toBlock": "bb286f4d-3357-4919-8d49-986a841b310c",
      "toPort": "input"
    }
  ]
}