{
  "name": "COVID-19 -  Situation Report",
  "form": "32e77a68-f6fd-4068-8ba1-316f8c1ad587",
  "blocks": [
    {
      "id": "6599d949-defa-42ff-a395-036486596e94",
      "label": "Acknowledge",
      "environment": "HOSTED",
      "presentation": "{}",
      "step": "2059d83b-c0cc-4ba1-99a4-b64e4430071d",
      "stepType": "INTEGRATION"
    },
    {
      "id": "1975cba3-24ac-446e-84c9-7f92f660d639",
      "label": "COVID-19 -  Situation Report - Event Comments",
      "environment": "HOSTED",
      "presentation": "{\"w\":60,\"x\":166,\"h\":60,\"y\":543}",
      "step": "8556a6b2-fc13-45a8-bad8-349bf7332506",
      "stepType": "INTEGRATION"
    },
    {
      "id": "5a7dae7e-3a79-4876-a129-6c32d62aba5d",
      "label": "I am impacted by this",
      "environment": "HOSTED",
      "presentation": "{}",
      "step": "827073a5-aea9-4cb8-88fb-2bb44e4f490e",
      "stepType": "INTEGRATION"
    },
    {
      "id": "7e852ac4-3d71-4113-9fa5-3bc106723edc",
      "label": "Responses",
      "environment": "HOSTED",
      "presentation": "{\"w\":100,\"x\":166,\"h\":50,\"y\":20}",
      "stepType": "RESPONSES"
    },
    {
      "id": "a6e48b2d-bdad-4ee8-bd2f-97fd37c9d53d",
      "label": "xMatters Create Event - COVID-19 Crisis Management Team Update from recipient",
      "environment": "HOSTED",
      "presentation": "{\"w\":60,\"x\":473,\"h\":60,\"y\":543}",
      "step": "e8753acb-26cd-4650-9ece-71bade70bc5e",
      "stepType": "CREATE_EVENT",
      "inputMappings": [
        {
          "inputPort": "input",
          "mapping": "${constants.Target Group Name}",
          "sectionItemKey": "recipients"
        },
        {
          "inputPort": "input",
          "mapping": "The following message has been received from: ${triggerOutputANNOTATION.annotation.author.firstName}  ${triggerOutputANNOTATION.annotation.author.lastName} (${triggerOutputANNOTATION.annotation.author.targetName}).  Message: \"${triggerOutputANNOTATION.annotation.comment}\"",
          "sectionItemKey": "ee9d04ca-a25f-4c49-96ac-802ea2dca676"
        }
      ]
    },
    {
      "id": "3b4c1544-7128-4e6c-9a73-834d88d430f8",
      "label": "xMatters Create Event - COVID-19 Crisis Management Team Update from recipient",
      "environment": "HOSTED",
      "presentation": "{\"w\":60,\"x\":468,\"h\":60,\"y\":332}",
      "step": "e8753acb-26cd-4650-9ece-71bade70bc5e",
      "stepType": "CREATE_EVENT",
      "inputMappings": [
        {
          "inputPort": "input",
          "mapping": "Employee Response Message: The following person have said they are impacted by this situation: ${triggerOutputRESPONSE.respondedTo.by.firstName}  ${triggerOutputRESPONSE.respondedTo.by.lastName} (${triggerOutputRESPONSE.respondedTo.by.targetName}), Please contact this person asap.",
          "sectionItemKey": "ee9d04ca-a25f-4c49-96ac-802ea2dca676"
        },
        {
          "inputPort": "input",
          "mapping": "${constants.Target Group Name}",
          "sectionItemKey": "recipients"
        }
      ]
    }
  ],
  "edges": [
    {
      "fromBlock": "1975cba3-24ac-446e-84c9-7f92f660d639",
      "fromPort": "output",
      "toBlock": "a6e48b2d-bdad-4ee8-bd2f-97fd37c9d53d",
      "toPort": "input"
    },
    {
      "fromBlock": "5a7dae7e-3a79-4876-a129-6c32d62aba5d",
      "fromPort": "output",
      "toBlock": "3b4c1544-7128-4e6c-9a73-834d88d430f8",
      "toPort": "input"
    }
  ]
}