{
  "name": "COVID-19 - Crisis Team Notification",
  "form": "cb0a6b00-f4a3-4c9a-bf7a-081b39a88ac3",
  "blocks": [
    {
      "id": "9d1954ef-3d34-4e69-b5bc-4bb61f999cb4",
      "label": "Acknowledge",
      "environment": "HOSTED",
      "presentation": "{}",
      "step": "9e01eed8-fcd3-4db0-ac05-01815b4da9ec",
      "stepType": "INTEGRATION"
    },
    {
      "id": "bd006601-8adf-4f7c-9050-8f300203ce49",
      "label": "Launch  Bridge",
      "environment": "HOSTED",
      "presentation": "{}",
      "step": "5d075be4-93f1-47e0-9f61-57df5b445ec9",
      "stepType": "INTEGRATION"
    },
    {
      "id": "6f5ad43a-0a8d-4205-8bbf-a5d98947fad4",
      "label": "Responses",
      "environment": "HOSTED",
      "presentation": "{\"w\":100,\"x\":-523,\"h\":50,\"y\":-345}",
      "stepType": "RESPONSES"
    },
    {
      "id": "9ab71f83-f8d8-47e5-ada1-3fc5060e1a3b",
      "label": "xMatters Create Event - COVID-19 - Conference Bridge (Manual & Automated)",
      "environment": "HOSTED",
      "presentation": "{\"w\":60,\"x\":-324,\"h\":60,\"y\":-29}",
      "step": "57fc0ad8-9e19-4353-b1b8-ce3db7cc4ceb",
      "stepType": "CREATE_EVENT",
      "inputMappings": [
        {
          "inputPort": "input",
          "mapping": "Crisis Management Team Activation",
          "sectionItemKey": "7aaf937b-9a46-4d1d-9853-361c59a9c3eb"
        },
        {
          "inputPort": "input",
          "mapping": "${constants.Target Group Name}",
          "sectionItemKey": "recipients"
        }
      ]
    }
  ],
  "edges": [
    {
      "fromBlock": "bd006601-8adf-4f7c-9050-8f300203ce49",
      "fromPort": "output",
      "toBlock": "9ab71f83-f8d8-47e5-ada1-3fc5060e1a3b",
      "toPort": "input"
    }
  ]
}