{
  "name": "COVID-19 - Employee Update & Check",
  "form": "5935ce80-3546-4b53-9efd-9ed7f40e336d",
  "blocks": [
    {
      "id": "78b5dc8e-ed1f-4a67-bd2a-7067ff6ebf65",
      "label": "COVID-19 - Employee Update & Check - Event Comments",
      "environment": "HOSTED",
      "presentation": "{\"w\":60,\"x\":-513,\"h\":60,\"y\":-715}",
      "step": "d356e4c9-fcd3-47f5-ade7-f99583deefd4",
      "stepType": "INTEGRATION"
    },
    {
      "id": "568b872a-1885-4d0c-92e2-387755f5685f",
      "label": "I am self isolating",
      "environment": "HOSTED",
      "presentation": "{}",
      "step": "e3b28e89-23a5-4a65-be63-f6639a896daa",
      "stepType": "INTEGRATION"
    },
    {
      "id": "1eed57b8-53f7-4fc0-a9c2-ab4f79f4e798",
      "label": "I am unaffected",
      "environment": "HOSTED",
      "presentation": "{}",
      "step": "2d80cb86-d07d-4817-9ffa-1b084cf0430b",
      "stepType": "INTEGRATION"
    },
    {
      "id": "bab5570f-3f35-42ea-a7c8-24045f00e718",
      "label": "I feel unwell",
      "environment": "HOSTED",
      "presentation": "{}",
      "step": "8710d2ca-ca23-449d-baaf-142520d22ae7",
      "stepType": "INTEGRATION"
    },
    {
      "id": "935e87e7-a8df-4334-8d30-7a0cee910538",
      "label": "I have COVID19",
      "environment": "HOSTED",
      "presentation": "{}",
      "step": "fc70ed71-3082-4d44-9122-74866069c83d",
      "stepType": "INTEGRATION"
    },
    {
      "id": "78682a72-5049-4da8-bd95-92cf70f83aef",
      "label": "I need help",
      "environment": "HOSTED",
      "presentation": "{}",
      "step": "12caa38f-52f6-4010-aeec-225419321cbd",
      "stepType": "INTEGRATION"
    },
    {
      "id": "967839ca-7f62-4180-8036-565ac52a2920",
      "label": "Responses",
      "environment": "HOSTED",
      "presentation": "{\"w\":100,\"x\":-807,\"h\":50,\"y\":-712}",
      "stepType": "RESPONSES"
    },
    {
      "id": "906e29a2-464e-4304-8b87-841ceb84fc5e",
      "label": "xMatters Create Event - COVID-19 - Help is on the way (automated)",
      "environment": "HOSTED",
      "presentation": "{\"w\":60,\"x\":-403,\"h\":60,\"y\":-316}",
      "step": "c8f1851b-2f71-43fb-8da6-72e49688d3a1",
      "stepType": "CREATE_EVENT",
      "inputMappings": [
        {
          "inputPort": "input",
          "mapping": "We have heard you and will have help with you as soon as possible.",
          "sectionItemKey": "ee9d04ca-a25f-4c49-96ac-802ea2dca676"
        },
        {
          "inputPort": "input",
          "mapping": "${triggerOutputRESPONSE.respondedTo.by.targetName}",
          "sectionItemKey": "recipients"
        }
      ]
    },
    {
      "id": "83039aca-9992-42de-ada2-672f894f21c2",
      "label": "xMatters Create Event - COVID-19 Crisis Management Team Update from recipient",
      "environment": "HOSTED",
      "presentation": "{\"w\":60,\"x\":-347,\"h\":60,\"y\":-715}",
      "step": "e8753acb-26cd-4650-9ece-71bade70bc5e",
      "stepType": "CREATE_EVENT",
      "inputMappings": [
        {
          "inputPort": "input",
          "mapping": "The following employee ${triggerOutputANNOTATION.annotation.author.firstName}  ${triggerOutputANNOTATION.annotation.author.lastName} (${triggerOutputANNOTATION.annotation.author.targetName}), has supplied a comment, please contact them asap.  Comment: \"${triggerOutputANNOTATION.annotation.comment}\"",
          "sectionItemKey": "ee9d04ca-a25f-4c49-96ac-802ea2dca676"
        },
        {
          "inputPort": "input",
          "mapping": "${constants.Target Group Name}",
          "sectionItemKey": "recipients"
        }
      ]
    },
    {
      "id": "43f72b58-ecf4-46d4-92de-bd95aa6bb90c",
      "label": "xMatters Create Event - COVID-19 Crisis Management Team Update from recipient",
      "environment": "HOSTED",
      "presentation": "{\"w\":60,\"x\":-578,\"h\":60,\"y\":-316}",
      "step": "e8753acb-26cd-4650-9ece-71bade70bc5e",
      "stepType": "CREATE_EVENT",
      "inputMappings": [
        {
          "inputPort": "input",
          "mapping": "${constants.Target Group Name}",
          "sectionItemKey": "recipients"
        },
        {
          "inputPort": "input",
          "mapping": "The following person has responded saying they require help: ${triggerOutputRESPONSE.respondedTo.by.firstName}  ${triggerOutputRESPONSE.respondedTo.by.lastName} (${triggerOutputRESPONSE.respondedTo.by.targetName}), Please contact this person asap.",
          "sectionItemKey": "ee9d04ca-a25f-4c49-96ac-802ea2dca676"
        }
      ]
    }
  ],
  "edges": [
    {
      "fromBlock": "935e87e7-a8df-4334-8d30-7a0cee910538",
      "fromPort": "output",
      "toBlock": "43f72b58-ecf4-46d4-92de-bd95aa6bb90c",
      "toPort": "input"
    },
    {
      "fromBlock": "bab5570f-3f35-42ea-a7c8-24045f00e718",
      "fromPort": "output",
      "toBlock": "43f72b58-ecf4-46d4-92de-bd95aa6bb90c",
      "toPort": "input"
    },
    {
      "fromBlock": "43f72b58-ecf4-46d4-92de-bd95aa6bb90c",
      "fromPort": "output",
      "toBlock": "906e29a2-464e-4304-8b87-841ceb84fc5e",
      "toPort": "input"
    },
    {
      "fromBlock": "568b872a-1885-4d0c-92e2-387755f5685f",
      "fromPort": "output",
      "toBlock": "43f72b58-ecf4-46d4-92de-bd95aa6bb90c",
      "toPort": "input"
    },
    {
      "fromBlock": "78682a72-5049-4da8-bd95-92cf70f83aef",
      "fromPort": "output",
      "toBlock": "43f72b58-ecf4-46d4-92de-bd95aa6bb90c",
      "toPort": "input"
    },
    {
      "fromBlock": "78b5dc8e-ed1f-4a67-bd2a-7067ff6ebf65",
      "fromPort": "output",
      "toBlock": "83039aca-9992-42de-ada2-672f894f21c2",
      "toPort": "input"
    }
  ]
}