[
  {
    "baseType": 21,
    "name": "Action Required",
    "description": "",
    "helpText": "",
    "isSystem": false,
    "values": [
      {
        "value": "Just be prepared",
        "isDefault": false,
        "isVisible": true
      },
      {
        "value": "I'll raise bridge shortly",
        "isDefault": true,
        "isVisible": true
      },
      {
        "value": "No action - just FYI",
        "isDefault": false,
        "isVisible": true
      }
    ],
    "uuid": "b479b814-da24-4306-a178-cd4eca216627"
  },
  {
    "baseType": 21,
    "name": "Attendees",
    "description": "",
    "helpText": "",
    "isSystem": false,
    "values": [
      {
        "value": "External Only",
        "isDefault": false,
        "isVisible": true
      },
      {
        "value": "Internal & External",
        "isDefault": false,
        "isVisible": true
      },
      {
        "value": "Internal Only",
        "isDefault": true,
        "isVisible": true
      }
    ],
    "uuid": "b543e97b-04c7-412a-b5fb-12a5f65a0407"
  },
  {
    "baseType": 3,
    "name": "Date",
    "defaultValue": "",
    "description": "",
    "helpText": "",
    "isSystem": false,
    "minLength": 0,
    "maxLength": 30,
    "validationRegex": "",
    "isValidate": false,
    "uuid": "d0e71a57-8527-41bd-9609-75e2cfcf6fd1"
  },
  {
    "baseType": 3,
    "name": "Description",
    "defaultValue": "",
    "description": "",
    "helpText": "",
    "isSystem": false,
    "minLength": 0,
    "maxLength": 2000,
    "validationRegex": "",
    "isValidate": false,
    "uuid": "0400c57f-0cd5-41a1-b0c1-66fa2782e78e"
  },
  {
    "baseType": 3,
    "name": "Event Type",
    "defaultValue": "",
    "description": "",
    "helpText": "",
    "isSystem": false,
    "minLength": 0,
    "maxLength": 100,
    "validationRegex": "",
    "isValidate": false,
    "uuid": "5024ba61-e302-47e0-8edd-2589d89b5370"
  },
  {
    "baseType": 5,
    "name": "Incident Category",
    "description": "",
    "helpText": "",
    "isSystem": false,
    "delimiter": ",",
    "categories": [
      "Category",
      "Sub-category"
    ],
    "values": [
      "Medical Emergency",
      ",COVID-19*",
      ",Accident onsite",
      ",Unknown Virus Spread",
      ",Unknown Sickness Reported",
      "Geophysical",
      ",Landslide",
      ",Subsidence",
      ",Earthquake",
      ",Volcano",
      "Meteorological",
      ",Flood",
      ",Winter Storm",
      ",Lightning",
      ",Frost/Ice/Snow",
      "Facilities",
      ",Lift Failure",
      ",Power Outage",
      ",Plumbing Failure",
      "Security",
      ",Test Alarm",
      ",Unapproved Access",
      ",Verbal Dispute",
      ",Physical Altercation",
      ",Threat",
      ",Bomb Alert",
      "Rescue",
      ",Trapped Under",
      ",Trapped In",
      ",From Height",
      ",From Depth",
      "Fire",
      ",Alarm Sounded",
      ",Internal Fire",
      ",Wildfire",
      "Health",
      ",H1N1",
      ",Gas Pollution",
      "Environmental",
      ",Air Pollution",
      ",Water Pollution",
      "Transport",
      ",Vehicle to Human Collision",
      ",Vehicle to Vehicle Collision",
      ",Vehicle Failure",
      "Infrastructure",
      ",Network Down",
      ",Phone System Down",
      ",Wireless Down",
      "Other",
      ",Olympic Torch Here",
      "Public Order Issue",
      ",Riot"
    ],
    "uuid": "887e8f13-aee8-47c6-b60b-c6edaa5f9677"
  },
  {
    "baseType": 3,
    "name": "Incident Description",
    "description": "",
    "helpText": "",
    "isSystem": false,
    "minLength": 0,
    "maxLength": 2000,
    "validationRegex": "",
    "isValidate": false,
    "uuid": "07ef9e94-01a1-4f4c-bff3-c0ec8d8b746a"
  },
  {
    "baseType": 21,
    "name": "Incident Impact",
    "description": "",
    "helpText": "",
    "isSystem": false,
    "values": [
      {
        "value": "RED",
        "isDefault": true,
        "isVisible": true
      },
      {
        "value": "ORANGE",
        "isDefault": false,
        "isVisible": true
      },
      {
        "value": "GREEN",
        "isDefault": false,
        "isVisible": true
      },
      {
        "value": "BLUE",
        "isDefault": false,
        "isVisible": true
      }
    ],
    "uuid": "23dae3b5-e64f-429a-a880-504547c23bfc"
  },
  {
    "baseType": 21,
    "name": "Incident Status",
    "description": "",
    "helpText": "",
    "isSystem": false,
    "values": [
      {
        "value": "Declared",
        "isDefault": true,
        "isVisible": true
      },
      {
        "value": "Ongoing",
        "isDefault": false,
        "isVisible": true
      },
      {
        "value": "Closed",
        "isDefault": false,
        "isVisible": true
      },
      {
        "value": "TEST",
        "isDefault": false,
        "isVisible": true
      }
    ],
    "uuid": "bba2e49c-3197-4417-a6e8-96ceedae50e7"
  },
  {
    "baseType": 21,
    "name": "Include Document Link",
    "description": "",
    "helpText": "",
    "isSystem": false,
    "values": [
      {
        "value": "none",
        "isDefault": true,
        "isVisible": true
      },
      {
        "value": "Overview",
        "isDefault": false,
        "isVisible": true
      },
      {
        "value": "Fire",
        "isDefault": false,
        "isVisible": true
      },
      {
        "value": "Flood",
        "isDefault": false,
        "isVisible": true
      },
      {
        "value": "Riot",
        "isDefault": false,
        "isVisible": true
      },
      {
        "value": "Security",
        "isDefault": false,
        "isVisible": true
      }
    ],
    "uuid": "dbd28590-a29b-4441-a82d-0cc572747f10"
  },
  {
    "baseType": 5,
    "name": "Location",
    "description": "",
    "helpText": "",
    "isSystem": false,
    "delimiter": ",",
    "categories": [
      "Region",
      "Country",
      "Building/Campus"
    ],
    "values": [
      "North America",
      ",United States",
      ",,New York",
      ",,Dallas",
      ",,San Francisco",
      ",,San Jose",
      ",Canada",
      ",,Vancouver",
      ",,Toronto",
      "Europe",
      ",England",
      ",,Canary Wharf",
      ",,London City",
      ",,Manchester",
      ",Wales",
      ",,Cardiff",
      ",Scotland",
      ",,Edinburgh",
      ",Ireland",
      ",,Dublin",
      ",France",
      ",,Paris",
      ",Germany",
      ",,Berlin",
      ",,Dresden",
      ",,Dusseldorf",
      ",,Frankfurt",
      ",,Munich",
      ",,Sinsheim",
      ",Netherlands",
      ",,Amsterdam",
      ",,Rotterdam",
      ",Switzerland",
      ",,Basel",
      ",,Geneva",
      ",,Zurich",
      "APAC",
      ",China",
      ",,Beijing",
      ",,Hong Kong",
      ",India",
      ",,Bhopal",
      ",Japan",
      ",,Tokyo",
      ",Australia",
      ",,Sydney",
      "Middle East",
      ",Saudi Arabia",
      ",,Riyadh",
      ",United Arab Emirates",
      ",,Dubai",
      "Latin America/Caribbean",
      ",Brazil",
      ",,Rio de Janeiro",
      ",Africa",
      ",Egypt",
      ",,Cairo",
      ",South Africa",
      ",,Johannesburg",
      ",,Cape Town"
    ],
    "uuid": "9203f256-e0a3-4c8a-954e-de54ccd3c1ff"
  },
  {
    "baseType": 3,
    "name": "Message",
    "defaultValue": "We have heard you and will have help with you as soon as possible.",
    "description": "",
    "helpText": "",
    "isSystem": false,
    "minLength": 0,
    "maxLength": 500,
    "validationRegex": "",
    "isValidate": false,
    "uuid": "46e08e09-3be4-4d8a-b261-ec967e91d33c"
  },
  {
    "baseType": 21,
    "name": "Next Update in",
    "description": "",
    "helpText": "",
    "isSystem": false,
    "values": [
      {
        "value": "30 mins",
        "isDefault": false,
        "isVisible": true
      },
      {
        "value": "60 mins",
        "isDefault": true,
        "isVisible": true
      },
      {
        "value": "90 mins",
        "isDefault": false,
        "isVisible": true
      },
      {
        "value": "120 mins",
        "isDefault": false,
        "isVisible": true
      },
      {
        "value": "None",
        "isDefault": false,
        "isVisible": true
      }
    ],
    "uuid": "0e19a00e-b039-4b3d-b9d0-ec38cd038aff"
  },
  {
    "baseType": 21,
    "name": "Priority",
    "description": "",
    "helpText": "",
    "isSystem": false,
    "values": [
      {
        "value": "Critical",
        "isDefault": true,
        "isVisible": true
      },
      {
        "value": "High",
        "isDefault": false,
        "isVisible": true
      },
      {
        "value": "Medium",
        "isDefault": false,
        "isVisible": true
      },
      {
        "value": "Low",
        "isDefault": false,
        "isVisible": true
      }
    ],
    "uuid": "40b7fcfc-6c70-4a46-b960-1ce5e4f2254a"
  },
  {
    "baseType": 3,
    "name": "Question",
    "defaultValue": "",
    "description": "",
    "helpText": "",
    "isSystem": false,
    "minLength": 0,
    "maxLength": 4000,
    "validationRegex": "",
    "isValidate": false,
    "uuid": "63dba41e-fc09-41f2-ba18-9198202e1cc4"
  },
  {
    "baseType": 21,
    "name": "Reason for Call",
    "description": "",
    "helpText": "",
    "isSystem": false,
    "values": [
      {
        "value": "Client Discussion",
        "isDefault": false,
        "isVisible": true
      },
      {
        "value": "Evacuation",
        "isDefault": true,
        "isVisible": true
      },
      {
        "value": "Executive Escalation",
        "isDefault": false,
        "isVisible": true
      },
      {
        "value": "External Provider Discussion",
        "isDefault": false,
        "isVisible": true
      },
      {
        "value": "IT Incident",
        "isDefault": false,
        "isVisible": true
      },
      {
        "value": "Media Discussion",
        "isDefault": false,
        "isVisible": true
      },
      {
        "value": "Support Escalation",
        "isDefault": false,
        "isVisible": true
      }
    ],
    "uuid": "3db94e90-a340-43e9-9483-1753badfc656"
  },
  {
    "baseType": 3,
    "name": "Reason Summary",
    "defaultValue": "",
    "description": "",
    "helpText": "",
    "isSystem": false,
    "minLength": 0,
    "maxLength": 2000,
    "validationRegex": "",
    "isValidate": false,
    "uuid": "c369bddb-3fc6-4099-b1f3-4b62cf6cd1ea"
  },
  {
    "baseType": 3,
    "name": "Region",
    "defaultValue": "",
    "description": "",
    "helpText": "",
    "isSystem": false,
    "minLength": 0,
    "maxLength": 100,
    "validationRegex": "",
    "isValidate": false,
    "uuid": "8abd09cc-bfd4-4077-82b9-e07e34b8db63"
  },
  {
    "baseType": 3,
    "name": "Road List",
    "defaultValue": "",
    "description": "",
    "helpText": "",
    "isSystem": false,
    "minLength": 0,
    "maxLength": 2000,
    "validationRegex": "",
    "isValidate": false,
    "uuid": "4d80f52d-59f0-42ac-81f2-dcb68a367de4"
  },
  {
    "baseType": 3,
    "name": "Title",
    "defaultValue": "",
    "description": "",
    "helpText": "",
    "isSystem": false,
    "minLength": 0,
    "maxLength": 2000,
    "validationRegex": "",
    "isValidate": false,
    "uuid": "aa06aa74-2964-49c9-89b6-3c89e9c09d0e"
  },
  {
    "baseType": 3,
    "name": "Update Details",
    "defaultValue": "",
    "description": "",
    "helpText": "",
    "isSystem": false,
    "minLength": 0,
    "maxLength": 2000,
    "validationRegex": "",
    "isValidate": false,
    "uuid": "9215438d-85c1-4f26-ba21-bd2210ea046c"
  },
  {
    "baseType": 21,
    "name": "Update Type",
    "description": "",
    "helpText": "",
    "isSystem": false,
    "values": [
      {
        "value": "Initial",
        "isDefault": true,
        "isVisible": true
      },
      {
        "value": "Update",
        "isDefault": false,
        "isVisible": true
      },
      {
        "value": "Close",
        "isDefault": false,
        "isVisible": true
      }
    ],
    "uuid": "9dff7370-a111-434c-9c23-7257cd393195"
  },
  {
    "baseType": 3,
    "name": "User",
    "defaultValue": "",
    "description": "",
    "helpText": "",
    "isSystem": false,
    "minLength": 0,
    "maxLength": 60,
    "validationRegex": "",
    "isValidate": false,
    "uuid": "cbe08d8b-5538-4478-bf2c-729bbfafc89d"
  },
  {
    "baseType": 3,
    "name": "userid",
    "defaultValue": "",
    "description": "",
    "helpText": "",
    "isSystem": false,
    "minLength": 0,
    "maxLength": 30,
    "validationRegex": "",
    "isValidate": false,
    "uuid": "13feeb94-afe8-484e-b2c1-32dc7c6c1d74"
  },
  {
    "baseType": 3,
    "name": "uyt",
    "defaultValue": "",
    "description": "",
    "helpText": "",
    "isSystem": false,
    "minLength": 0,
    "maxLength": 30,
    "validationRegex": "",
    "isValidate": false,
    "uuid": "ae879c19-ebf4-4e69-9456-24f56ef3926f"
  },
  {
    "baseType": 3,
    "name": "What is happening?",
    "defaultValue": "",
    "description": "",
    "helpText": "",
    "isSystem": false,
    "minLength": 0,
    "maxLength": 2000,
    "validationRegex": "",
    "isValidate": false,
    "uuid": "b21e6af2-17f3-4e7f-8ba5-cd9a5a0d7f02"
  },
  {
    "baseType": 3,
    "name": "Where?",
    "defaultValue": "",
    "description": "",
    "helpText": "",
    "isSystem": false,
    "minLength": 0,
    "maxLength": 2000,
    "validationRegex": "",
    "isValidate": false,
    "uuid": "dce49969-3f6d-45fe-9c90-f066f3e0ffdd"
  }
]