[
  {
    "baseType": 21,
    "name": "Action Required",
    "description": "",
    "helpText": "",
    "isSystem": false,
    "values": [
      {
        "value": "Just be prepared",
        "isDefault": false,
        "isVisible": true
      },
      {
        "value": "I'll raise bridge shortly",
        "isDefault": true,
        "isVisible": true
      },
      {
        "value": "No action - just FYI",
        "isDefault": false,
        "isVisible": true
      }
    ],
    "uuid": "399a7d8b-f6c7-49ab-913b-fa577dfe4fc3"
  },
  {
    "baseType": 21,
    "name": "Attendees",
    "description": "",
    "helpText": "",
    "isSystem": false,
    "values": [
      {
        "value": "External Only",
        "isDefault": false,
        "isVisible": true
      },
      {
        "value": "Internal & External",
        "isDefault": false,
        "isVisible": true
      },
      {
        "value": "Internal Only",
        "isDefault": true,
        "isVisible": true
      }
    ],
    "uuid": "b4d5c8d1-bbd9-462a-bcf9-de59b923ed1d"
  },
  {
    "baseType": 3,
    "name": "Date",
    "defaultValue": "",
    "description": "",
    "helpText": "",
    "isSystem": false,
    "minLength": 0,
    "maxLength": 30,
    "validationRegex": "",
    "isValidate": false,
    "uuid": "713f4682-66a9-44ee-9eaa-0d22d48e7860"
  },
  {
    "baseType": 3,
    "name": "Description",
    "defaultValue": "",
    "description": "",
    "helpText": "",
    "isSystem": false,
    "minLength": 0,
    "maxLength": 2000,
    "validationRegex": "",
    "isValidate": false,
    "uuid": "2f3d8863-1a35-4d67-bf2b-e91f782dfb1e"
  },
  {
    "baseType": 3,
    "name": "Event Type",
    "defaultValue": "",
    "description": "",
    "helpText": "",
    "isSystem": false,
    "minLength": 0,
    "maxLength": 100,
    "validationRegex": "",
    "isValidate": false,
    "uuid": "6d1b50fb-eefc-42d4-aa51-e846646a272d"
  },
  {
    "baseType": 5,
    "name": "Incident Category",
    "description": "",
    "helpText": "",
    "isSystem": false,
    "delimiter": ",",
    "categories": [
      "Category",
      "Sub-category"
    ],
    "values": [
      "Medical Emergency",
      ",COVID-19*",
      ",Accident onsite",
      ",Unknown Virus Spread",
      ",Unknown Sickness Reported",
      "Geophysical",
      ",Landslide",
      ",Subsidence",
      ",Earthquake",
      ",Volcano",
      "Meteorological",
      ",Flood",
      ",Winter Storm",
      ",Lightning",
      ",Frost/Ice/Snow",
      "Facilities",
      ",Lift Failure",
      ",Power Outage",
      ",Plumbing Failure",
      "Security",
      ",Test Alarm",
      ",Unapproved Access",
      ",Verbal Dispute",
      ",Physical Altercation",
      ",Threat",
      ",Bomb Alert",
      "Rescue",
      ",Trapped Under",
      ",Trapped In",
      ",From Height",
      ",From Depth",
      "Fire",
      ",Alarm Sounded",
      ",Internal Fire",
      ",Wildfire",
      "Health",
      ",H1N1",
      ",Gas Pollution",
      "Environmental",
      ",Air Pollution",
      ",Water Pollution",
      "Transport",
      ",Vehicle to Human Collision",
      ",Vehicle to Vehicle Collision",
      ",Vehicle Failure",
      "Infrastructure",
      ",Network Down",
      ",Phone System Down",
      ",Wireless Down",
      "Other",
      ",Olympic Torch Here",
      "Public Order Issue",
      ",Riot"
    ],
    "uuid": "0d435d4a-be6f-4060-83b6-e723414705c5"
  },
  {
    "baseType": 3,
    "name": "Incident Description",
    "description": "",
    "helpText": "",
    "isSystem": false,
    "minLength": 0,
    "maxLength": 2000,
    "validationRegex": "",
    "isValidate": false,
    "uuid": "38e8132d-dcac-4b81-8cac-3e43d3abb4f9"
  },
  {
    "baseType": 21,
    "name": "Incident Impact",
    "description": "",
    "helpText": "",
    "isSystem": false,
    "values": [
      {
        "value": "RED",
        "isDefault": true,
        "isVisible": true
      },
      {
        "value": "ORANGE",
        "isDefault": false,
        "isVisible": true
      },
      {
        "value": "GREEN",
        "isDefault": false,
        "isVisible": true
      },
      {
        "value": "BLUE",
        "isDefault": false,
        "isVisible": true
      }
    ],
    "uuid": "88358795-0a4c-4886-a030-24c77f72cba1"
  },
  {
    "baseType": 21,
    "name": "Incident Status",
    "description": "",
    "helpText": "",
    "isSystem": false,
    "values": [
      {
        "value": "Declared",
        "isDefault": true,
        "isVisible": true
      },
      {
        "value": "Ongoing",
        "isDefault": false,
        "isVisible": true
      },
      {
        "value": "Closed",
        "isDefault": false,
        "isVisible": true
      },
      {
        "value": "TEST",
        "isDefault": false,
        "isVisible": true
      }
    ],
    "uuid": "324c26c2-ae08-4b3d-bf86-a91c953e93bd"
  },
  {
    "baseType": 21,
    "name": "Include Document Link",
    "description": "",
    "helpText": "",
    "isSystem": false,
    "values": [
      {
        "value": "none",
        "isDefault": true,
        "isVisible": true
      },
      {
        "value": "Overview",
        "isDefault": false,
        "isVisible": true
      },
      {
        "value": "Fire",
        "isDefault": false,
        "isVisible": true
      },
      {
        "value": "Flood",
        "isDefault": false,
        "isVisible": true
      },
      {
        "value": "Riot",
        "isDefault": false,
        "isVisible": true
      },
      {
        "value": "Security",
        "isDefault": false,
        "isVisible": true
      }
    ],
    "uuid": "546a48ff-c886-4f38-a022-929987a2661a"
  },
  {
    "baseType": 5,
    "name": "Location",
    "description": "",
    "helpText": "",
    "isSystem": false,
    "delimiter": ",",
    "categories": [
      "Region",
      "Country",
      "Building/Campus"
    ],
    "values": [
      "North America",
      ",United States",
      ",,New York",
      ",,Dallas",
      ",,San Francisco",
      ",,San Jose",
      ",Canada",
      ",,Vancouver",
      ",,Toronto",
      "Europe",
      ",England",
      ",,Canary Wharf",
      ",,London City",
      ",,Manchester",
      ",Wales",
      ",,Cardiff",
      ",Scotland",
      ",,Edinburgh",
      ",Ireland",
      ",,Dublin",
      ",France",
      ",,Paris",
      ",Germany",
      ",,Berlin",
      ",,Dresden",
      ",,Dusseldorf",
      ",,Frankfurt",
      ",,Munich",
      ",,Sinsheim",
      ",Netherlands",
      ",,Amsterdam",
      ",,Rotterdam",
      ",Switzerland",
      ",,Basel",
      ",,Geneva",
      ",,Zurich",
      "APAC",
      ",China",
      ",,Beijing",
      ",,Hong Kong",
      ",India",
      ",,Bhopal",
      ",Japan",
      ",,Tokyo",
      ",Australia",
      ",,Sydney",
      "Middle East",
      ",Saudi Arabia",
      ",,Riyadh",
      ",United Arab Emirates",
      ",,Dubai",
      "Latin America/Caribbean",
      ",Brazil",
      ",,Rio de Janeiro",
      ",Africa",
      ",Egypt",
      ",,Cairo",
      ",South Africa",
      ",,Johannesburg",
      ",,Cape Town"
    ],
    "uuid": "d0795696-447c-4647-b684-ca413d102ede"
  },
  {
    "baseType": 3,
    "name": "Message",
    "defaultValue": "We have heard you and will have help with you as soon as possible.",
    "description": "",
    "helpText": "",
    "isSystem": false,
    "minLength": 0,
    "maxLength": 500,
    "validationRegex": "",
    "isValidate": false,
    "uuid": "ee9d04ca-a25f-4c49-96ac-802ea2dca676"
  },
  {
    "baseType": 21,
    "name": "Next Update in",
    "description": "",
    "helpText": "",
    "isSystem": false,
    "values": [
      {
        "value": "30 mins",
        "isDefault": false,
        "isVisible": true
      },
      {
        "value": "60 mins",
        "isDefault": true,
        "isVisible": true
      },
      {
        "value": "90 mins",
        "isDefault": false,
        "isVisible": true
      },
      {
        "value": "120 mins",
        "isDefault": false,
        "isVisible": true
      },
      {
        "value": "None",
        "isDefault": false,
        "isVisible": true
      }
    ],
    "uuid": "ecb9df63-549e-4488-9edc-9cb145a895f1"
  },
  {
    "baseType": 21,
    "name": "Priority",
    "description": "",
    "helpText": "",
    "isSystem": false,
    "values": [
      {
        "value": "Critical",
        "isDefault": true,
        "isVisible": true
      },
      {
        "value": "High",
        "isDefault": false,
        "isVisible": true
      },
      {
        "value": "Medium",
        "isDefault": false,
        "isVisible": true
      },
      {
        "value": "Low",
        "isDefault": false,
        "isVisible": true
      }
    ],
    "uuid": "badca4f7-c97a-4fda-b12b-cf8eef0931d7"
  },
  {
    "baseType": 3,
    "name": "Question",
    "defaultValue": "",
    "description": "",
    "helpText": "",
    "isSystem": false,
    "minLength": 0,
    "maxLength": 4000,
    "validationRegex": "",
    "isValidate": false,
    "uuid": "92da46e1-4b26-43d2-a2ad-1bbd2d1bb936"
  },
  {
    "baseType": 21,
    "name": "Reason for Call",
    "description": "",
    "helpText": "",
    "isSystem": false,
    "values": [
      {
        "value": "Client Discussion",
        "isDefault": false,
        "isVisible": true
      },
      {
        "value": "Evacuation",
        "isDefault": true,
        "isVisible": true
      },
      {
        "value": "Executive Escalation",
        "isDefault": false,
        "isVisible": true
      },
      {
        "value": "External Provider Discussion",
        "isDefault": false,
        "isVisible": true
      },
      {
        "value": "IT Incident",
        "isDefault": false,
        "isVisible": true
      },
      {
        "value": "Media Discussion",
        "isDefault": false,
        "isVisible": true
      },
      {
        "value": "Support Escalation",
        "isDefault": false,
        "isVisible": true
      }
    ],
    "uuid": "7985df68-49b1-4afe-a568-e3c178acc8c9"
  },
  {
    "baseType": 3,
    "name": "Reason Summary",
    "defaultValue": "",
    "description": "",
    "helpText": "",
    "isSystem": false,
    "minLength": 0,
    "maxLength": 2000,
    "validationRegex": "",
    "isValidate": false,
    "uuid": "7aaf937b-9a46-4d1d-9853-361c59a9c3eb"
  },
  {
    "baseType": 3,
    "name": "Region",
    "defaultValue": "",
    "description": "",
    "helpText": "",
    "isSystem": false,
    "minLength": 0,
    "maxLength": 100,
    "validationRegex": "",
    "isValidate": false,
    "uuid": "cbfa6076-b96c-451f-8051-0371623645c5"
  },
  {
    "baseType": 3,
    "name": "Road List",
    "defaultValue": "",
    "description": "",
    "helpText": "",
    "isSystem": false,
    "minLength": 0,
    "maxLength": 2000,
    "validationRegex": "",
    "isValidate": false,
    "uuid": "f092aa27-bbec-40b7-a43e-59c1b606e24b"
  },
  {
    "baseType": 3,
    "name": "Title",
    "defaultValue": "",
    "description": "",
    "helpText": "",
    "isSystem": false,
    "minLength": 0,
    "maxLength": 2000,
    "validationRegex": "",
    "isValidate": false,
    "uuid": "c6674785-ef2f-461e-ab39-15e96b8b5529"
  },
  {
    "baseType": 3,
    "name": "Update Details",
    "defaultValue": "",
    "description": "",
    "helpText": "",
    "isSystem": false,
    "minLength": 0,
    "maxLength": 2000,
    "validationRegex": "",
    "isValidate": false,
    "uuid": "f96acc37-4df9-4ab1-bb94-ca2b019b1f19"
  },
  {
    "baseType": 21,
    "name": "Update Type",
    "description": "",
    "helpText": "",
    "isSystem": false,
    "values": [
      {
        "value": "Initial",
        "isDefault": true,
        "isVisible": true
      },
      {
        "value": "Update",
        "isDefault": false,
        "isVisible": true
      },
      {
        "value": "Close",
        "isDefault": false,
        "isVisible": true
      }
    ],
    "uuid": "0118fcd8-f9b2-47db-849d-b8fa9621f882"
  },
  {
    "baseType": 3,
    "name": "User",
    "defaultValue": "",
    "description": "",
    "helpText": "",
    "isSystem": false,
    "minLength": 0,
    "maxLength": 60,
    "validationRegex": "",
    "isValidate": false,
    "uuid": "2d86a527-719c-4383-9191-df0db88b000b"
  },
  {
    "baseType": 3,
    "name": "userid",
    "defaultValue": "",
    "description": "",
    "helpText": "",
    "isSystem": false,
    "minLength": 0,
    "maxLength": 30,
    "validationRegex": "",
    "isValidate": false,
    "uuid": "b65d06e0-a1e6-4424-b799-3d86b1f96760"
  },
  {
    "baseType": 3,
    "name": "uyt",
    "defaultValue": "",
    "description": "",
    "helpText": "",
    "isSystem": false,
    "minLength": 0,
    "maxLength": 30,
    "validationRegex": "",
    "isValidate": false,
    "uuid": "c04b15fa-8cfd-4166-a8c2-f5a280b3690c"
  },
  {
    "baseType": 3,
    "name": "What is happening?",
    "defaultValue": "",
    "description": "",
    "helpText": "",
    "isSystem": false,
    "minLength": 0,
    "maxLength": 2000,
    "validationRegex": "",
    "isValidate": false,
    "uuid": "11d141b8-3175-4892-a263-fa2f642a073a"
  },
  {
    "baseType": 3,
    "name": "Where?",
    "defaultValue": "",
    "description": "",
    "helpText": "",
    "isSystem": false,
    "minLength": 0,
    "maxLength": 2000,
    "validationRegex": "",
    "isValidate": false,
    "uuid": "c1c49f4a-1926-4292-b31a-1e975a8d21cb"
  }
]